iso3,country,year,sub_region_name,region_name,sdg_region,variable,question_number,source_name,population,count,comment_from_country,sex,Order 
ARG,Argentina,2016,South America,Americas,Latin America and the Caribbean (MDG=M49),Prevalence Rate of Physical violence Males,7.1.6,CTS,43900313.5,7.1,,male,1
BEL,Belgium,2024,Western Europe,Europe,Northern America (M49) and Europe (M49),Prevalence Rate of Physical violence Males,7.1.6,CTS,11738763.5,2.6,,male,1
BEN,Benin,2021,Western Africa,Africa,Sub-Saharan Africa (M49),Prevalence Rate of Physical violence Males,7.1.6,MICS,13413417,3.340862513,Survey sample covers women and men aged 15-49,male,1
BLR,Belarus,2019,Eastern Europe,Europe,Northern America (M49) and Europe (M49),Prevalence Rate of Physical violence Males,7.1.6,MICS,9435419.5,1.478674889,Survey sample covers women aged 15-49 and men aged 15-59,male,1
BOL,Bolivia (Plurinational State of),2018,South America,Americas,Latin America and the Caribbean (MDG=M49),Prevalence Rate of Physical violence Males,7.1.6,CTS,11508368,4.2,,male,1
BRA,Brazil,2019,South America,Americas,Latin America and the Caribbean (MDG=M49),Prevalence Rate of Physical violence Males,7.1.6,SDG,207455459.5,4,,male,1
CAF,Central African Republic,2018,Middle Africa,Africa,Sub-Saharan Africa (M49),Prevalence Rate of Physical violence Males,7.1.6,MICS,4878657,9.656460762,Survey sample covers women and men aged 15-49,male,1
CAN,Canada,2019,Northern America,Americas,Northern America (M49) and Europe (M49),Prevalence Rate of Physical violence Males,7.1.6,SDG,37782934.5,2.5,,male,1
CHE,Switzerland,2021,Western Europe,Europe,Northern America (M49) and Europe (M49),Prevalence Rate of Physical violence Males,7.1.6,CTS,8707023.5,1.5,,male,1
CHL,Chile,2023,South America,Americas,Latin America and the Caribbean (MDG=M49),Prevalence Rate of Physical violence Males,7.1.6,CTS,19658835,3.4,,male,1
CMR,Cameroon,2018,Middle Africa,Africa,Sub-Saharan Africa (M49),Prevalence Rate of Physical violence Males,7.1.6,SDG,24806383,14.1,,male,1
COD,Democratic Republic of the Congo,2017,Middle Africa,Africa,Sub-Saharan Africa (M49),Prevalence Rate of Physical violence Males,7.1.6,MICS,87083398,13.19696903,Survey sample covers women and men aged 15-49,male,1
COM,Comoros,2022,Eastern Africa,Africa,Sub-Saharan Africa (M49),Prevalence Rate of Physical violence Males,7.1.6,MICS,834188,6.412486076,Survey sample covers women and men aged 15-49,male,1
CPV,Cabo Verde,2016,Western Africa,Africa,Sub-Saharan Africa (M49),Prevalence Rate of Physical violence Males,7.1.6,CTS,512554.5,6.3,,male,1
CUB,Cuba,2019,Caribbean,Americas,Latin America and the Caribbean (MDG=M49),Prevalence Rate of Physical violence Males,7.1.6,MICS,11202846.5,0.762807906,Survey sample covers women and men aged 15-49,male,1
DEU,Germany,2020,Western Europe,Europe,Northern America (M49) and Europe (M49),Prevalence Rate of Physical violence Males,7.1.6,CTS,83628708.5,3,,male,1
FJI,Fiji,2021,Melanesia,Oceania,Oceania (M49) excluding Australia and New Zealand (M49),Prevalence Rate of Physical violence Males,7.1.6,MICS,916711,7.000496387,Survey sample covers women and men aged 15-49,male,1
FRA,France,2019,Western Europe,Europe,Northern America (M49) and Europe (M49),Prevalence Rate of Physical violence Males,7.1.6,CTS,65729459,2.6,,male,1
GBR_E_W,United Kingdom (England and Wales),2024,Northern Europe,Europe,Northern America (M49) and Europe (M49),Prevalence Rate of Physical violence Males,7.1.6,SDG,,1.6,,male,1
GBR_S,United Kingdom (Scotland),2023,Northern Europe,Europe,Northern America (M49) and Europe (M49),Prevalence Rate of Physical violence Males,7.1.6,CTS,5490100,3.4,,male,1
GEO,Georgia,2018,Western Asia,Asia,Western Asia (M49) and Northern Africa (M49),Prevalence Rate of Physical violence Males,7.1.6,MICS,3794877,0.596468687,Survey sample covers women and men aged 15-49,male,1
GUY,Guyana,2019,South America,Americas,Latin America and the Caribbean (MDG=M49),Prevalence Rate of Physical violence Males,7.1.6,MICS,807665,9.761731148,Survey sample covers women and men aged 15-49,male,1
HND,Honduras,2019,Central America,Americas,Latin America and the Caribbean (MDG=M49),Prevalence Rate of Physical violence Males,7.1.6,MICS,9943633.5,7.20603466,Survey sample covers women aged 15-49 and men aged 15-59,male,1
ISR,Israel,2024,Western Asia,Asia,Western Asia (M49) and Northern Africa (M49),Prevalence Rate of Physical violence Males,7.1.6,CTS,9387021,1.7183,,male,1
ITA,Italy,2023,Southern Europe,Europe,Northern America (M49) and Europe (M49),Prevalence Rate of Physical violence Males,7.1.6,CTS,59499453,1.2,,male,1
KIR,Kiribati,2018,Micronesia,Oceania,Oceania (M49) excluding Australia and New Zealand (M49),Prevalence Rate of Physical violence Males,7.1.6,MICS,122083.5,7.502119064,Survey sample covers women and men aged 15-49,male,1
KOR,Republic of Korea,2016,Eastern Asia,Asia,Eastern Asia (M49) and South-eastern Asia (MDG=M49),Prevalence Rate of Physical violence Males,7.1.6,CTS,51297839,0.3,,male,1
LSO,Lesotho,2018,Southern Africa,Africa,Sub-Saharan Africa (M49),Prevalence Rate of Physical violence Males,7.1.6,MICS,2183603,11.47097969,Survey sample covers women and men aged 15-49,male,1
LUX,Luxembourg,2020,Western Europe,Europe,Northern America (M49) and Europe (M49),Prevalence Rate of Physical violence Males,7.1.6,CTS,630597,4.819914809,,male,1
LVA,Latvia,2021,Northern Europe,Europe,Northern America (M49) and Europe (M49),Prevalence Rate of Physical violence Males,7.1.6,SDG,1885587,19,,male,1
MDG,Madagascar,2018,Eastern Africa,Africa,Sub-Saharan Africa (M49),Prevalence Rate of Physical violence Males,7.1.6,MICS,27494926,10.69278908,Survey sample covers women and men aged 15-49,male,1
MEX,Mexico,2024,Central America,Americas,Latin America and the Caribbean (MDG=M49),Prevalence Rate of Physical violence Males,7.1.6,CTS,130861007,6.8,"Fuente: Encuesta Nacional de Victimización y Percepción de Seguridad Pública (ENVIPE), 2022, 2023, 2024 y 2025.",male,1
MNE,Montenegro,2018,Southern Europe,Europe,Northern America (M49) and Europe (M49),Prevalence Rate of Physical violence Males,7.1.6,MICS,615795,4.422560692,Survey sample covers women and men aged 15-49,male,1
MNG,Mongolia,2018,Eastern Asia,Asia,Eastern Asia (M49) and South-eastern Asia (MDG=M49),Prevalence Rate of Physical violence Males,7.1.6,MICS,3167706,7.218921661,Survey sample covers women and men aged 15-49,male,1
MWI,Malawi,2019,Eastern Africa,Africa,Sub-Saharan Africa (M49),Prevalence Rate of Physical violence Males,7.1.6,MICS,19025752,15.10940075,Survey sample covers women and men aged 15-49,male,1
NZL,New Zealand,2024,Australia and New Zealand,Oceania,Australia and New Zealand (M49),Prevalence Rate of Physical violence Males,7.1.6,CTS,5213944,2.8,,male,1
PAK,Pakistan,2019,Southern Asia,Asia,Central Asia (M49) and Southern Asia (MDG=M49),Prevalence Rate of Physical violence Males,7.1.6,MICS,230800898.5,4.108170986,Survey sample covers women and men aged 15-49,male,1
PRT,Portugal,2022,Southern Europe,Europe,Northern America (M49) and Europe (M49),Prevalence Rate of Physical violence Males,7.1.6,SDG,10417072.5,3.2,,male,1
SUR,Suriname,2018,South America,Americas,Latin America and the Caribbean (MDG=M49),Prevalence Rate of Physical violence Males,7.1.6,MICS,599512.5,4.183549881,Survey sample covers women and men aged 15-49,male,1
SVN,Slovenia,2020,Southern Europe,Europe,Northern America (M49) and Europe (M49),Prevalence Rate of Physical violence Males,7.1.6,CTS,2102419.5,1.22,,male,1
SWZ,Eswatini,2021,Southern Africa,Africa,Sub-Saharan Africa (M49),Prevalence Rate of Physical violence Males,7.1.6,MICS,1206593.5,6.403796673,Survey sample covers women and men aged 15-49,male,1
TCA,Turks and Caicos Islands,2019,Caribbean,Americas,Latin America and the Caribbean (MDG=M49),Prevalence Rate of Physical violence Males,7.1.6,MICS,43165.5,2.362068892,Survey sample covers women and men aged 15-49,male,1
TCD,Chad,2019,Middle Africa,Africa,Sub-Saharan Africa (M49),Prevalence Rate of Physical violence Males,7.1.6,MICS,16685223,4.58704567,Survey sample covers women and men aged 15-49,male,1
THA,Thailand,2022,South-Eastern Asia,Asia,Eastern Asia (M49) and South-eastern Asia (MDG=M49),Prevalence Rate of Physical violence Males,7.1.6,MICS,71735329,0.40514645,Survey sample covers women and men aged 15-49,male,1
TON,Tonga,2019,Polynesia,Oceania,Oceania (M49) excluding Australia and New Zealand (M49),Prevalence Rate of Physical violence Males,7.1.6,MICS,105669.5,3.310843706,Survey sample covers women and men aged 15-49,male,1
TUN,Tunisia,2023,Northern Africa,Africa,Western Asia (M49) and Northern Africa (M49),Prevalence Rate of Physical violence Males,7.1.6,MICS,12200431,2.504735708,Survey sample covers women and men aged 15-49,male,1
TUV,Tuvalu,2019,Polynesia,Oceania,Oceania (M49) excluding Australia and New Zealand (M49),Prevalence Rate of Physical violence Males,7.1.6,MICS,10581,4.724383354,Survey sample covers women and men aged 15-49,male,1
UGA,Uganda,2022,Eastern Africa,Africa,Sub-Saharan Africa (M49),Prevalence Rate of Physical violence Males,7.1.6,SDG,47312719.5,8.7,,male,1
VNM,Viet Nam,2020,South-Eastern Asia,Asia,Eastern Asia (M49) and South-eastern Asia (MDG=M49),Prevalence Rate of Physical violence Males,7.1.6,MICS,98079191,1.203272343,Survey sample covers women and men aged 15-49,male,1
WSM,Samoa,2019,Polynesia,Oceania,Oceania (M49) excluding Australia and New Zealand (M49),Prevalence Rate of Physical violence Males,7.1.6,MICS,209779.5,5.691603661,Survey sample covers women and men aged 15-49,male,1
ZWE,Zimbabwe,2019,Eastern Africa,Africa,Sub-Saharan Africa (M49),Prevalence Rate of Physical violence Males,7.1.6,MICS,15271367.5,11.14017105,Survey sample covers women and men aged 15-49,male,1
ARG,Argentina,2016,South America,Americas,Latin America and the Caribbean (MDG=M49),Prevalence Rate of Physical violence Females,7.1.6,CTS,43900313.5,8.4,,female,2
BEL,Belgium,2024,Western Europe,Europe,Northern America (M49) and Europe (M49),Prevalence Rate of Physical violence Females,7.1.6,CTS,11738763.5,2.3,,female,2
BEN,Benin,2021,Western Africa,Africa,Sub-Saharan Africa (M49),Prevalence Rate of Physical violence Females,7.1.6,MICS,13413417,3.399020433,Survey sample covers women and men aged 15-49,female,2
BLR,Belarus,2019,Eastern Europe,Europe,Northern America (M49) and Europe (M49),Prevalence Rate of Physical violence Females,7.1.6,MICS,9435419.5,0.744566619,Survey sample covers women aged 15-49 and men aged 15-59,female,2
BOL,Bolivia (Plurinational State of),2018,South America,Americas,Latin America and the Caribbean (MDG=M49),Prevalence Rate of Physical violence Females,7.1.6,CTS,11508368,3.7,,female,2
BRA,Brazil,2019,South America,Americas,Latin America and the Caribbean (MDG=M49),Prevalence Rate of Physical violence Females,7.1.6,SDG,207455459.5,4.2,,female,2
CAF,Central African Republic,2018,Middle Africa,Africa,Sub-Saharan Africa (M49),Prevalence Rate of Physical violence Females,7.1.6,MICS,4878657,4.84393692,Survey sample covers women and men aged 15-49,female,2
CAN,Canada,2019,Northern America,Americas,Northern America (M49) and Europe (M49),Prevalence Rate of Physical violence Females,7.1.6,SDG,37782934.5,2.5,,female,2
CHE,Switzerland,2021,Western Europe,Europe,Northern America (M49) and Europe (M49),Prevalence Rate of Physical violence Females,7.1.6,CTS,8707023.5,1.1,,female,2
CHL,Chile,2023,South America,Americas,Latin America and the Caribbean (MDG=M49),Prevalence Rate of Physical violence Females,7.1.6,CTS,19658835,2.7,,female,2
CMR,Cameroon,2018,Middle Africa,Africa,Sub-Saharan Africa (M49),Prevalence Rate of Physical violence Females,7.1.6,SDG,24806383,18.4,,female,2
COD,Democratic Republic of the Congo,2017,Middle Africa,Africa,Sub-Saharan Africa (M49),Prevalence Rate of Physical violence Females,7.1.6,MICS,87083398,5.547170639,Survey sample covers women and men aged 15-49,female,2
COM,Comoros,2022,Eastern Africa,Africa,Sub-Saharan Africa (M49),Prevalence Rate of Physical violence Females,7.1.6,MICS,834188,3.269606113,Survey sample covers women and men aged 15-49,female,2
CPV,Cabo Verde,2016,Western Africa,Africa,Sub-Saharan Africa (M49),Prevalence Rate of Physical violence Females,7.1.6,CTS,512554.5,4.5,,female,2
CUB,Cuba,2019,Caribbean,Americas,Latin America and the Caribbean (MDG=M49),Prevalence Rate of Physical violence Females,7.1.6,MICS,11202846.5,0.556113303,Survey sample covers women and men aged 15-49,female,2
DEU,Germany,2020,Western Europe,Europe,Northern America (M49) and Europe (M49),Prevalence Rate of Physical violence Females,7.1.6,CTS,83628708.5,1.6,,female,2
FJI,Fiji,2021,Melanesia,Oceania,Oceania (M49) excluding Australia and New Zealand (M49),Prevalence Rate of Physical violence Females,7.1.6,MICS,916711,5.657739639,Survey sample covers women and men aged 15-49,female,2
FRA,France,2019,Western Europe,Europe,Northern America (M49) and Europe (M49),Prevalence Rate of Physical violence Females,7.1.6,CTS,65729459,2.3,,female,2
GBR_E_W,United Kingdom (England and Wales),2024,Northern Europe,Europe,Northern America (M49) and Europe (M49),Prevalence Rate of Physical violence Females,7.1.6,SDG,,1.2,,female,2
GBR_S,United Kingdom (Scotland),2023,Northern Europe,Europe,Northern America (M49) and Europe (M49),Prevalence Rate of Physical violence Females,7.1.6,CTS,5490100,2.4,,female,2
GEO,Georgia,2018,Western Asia,Asia,Western Asia (M49) and Northern Africa (M49),Prevalence Rate of Physical violence Females,7.1.6,MICS,3794877,0.940480351,Survey sample covers women and men aged 15-49,female,2
GUY,Guyana,2019,South America,Americas,Latin America and the Caribbean (MDG=M49),Prevalence Rate of Physical violence Females,7.1.6,MICS,807665,5.612082958,Survey sample covers women and men aged 15-49,female,2
HND,Honduras,2019,Central America,Americas,Latin America and the Caribbean (MDG=M49),Prevalence Rate of Physical violence Females,7.1.6,MICS,9943633.5,5.160964966,Survey sample covers women aged 15-49 and men aged 15-59,female,2
ISR,Israel,2024,Western Asia,Asia,Western Asia (M49) and Northern Africa (M49),Prevalence Rate of Physical violence Females,7.1.6,CTS,9387021,0.9115,,female,2
ITA,Italy,2023,Southern Europe,Europe,Northern America (M49) and Europe (M49),Prevalence Rate of Physical violence Females,7.1.6,CTS,59499453,0.9,,female,2
KIR,Kiribati,2018,Micronesia,Oceania,Oceania (M49) excluding Australia and New Zealand (M49),Prevalence Rate of Physical violence Females,7.1.6,MICS,122083.5,4.584125042,Survey sample covers women and men aged 15-49,female,2
KOR,Republic of Korea,2016,Eastern Asia,Asia,Eastern Asia (M49) and South-eastern Asia (MDG=M49),Prevalence Rate of Physical violence Females,7.1.6,CTS,51297839,0.2,,female,2
LSO,Lesotho,2018,Southern Africa,Africa,Sub-Saharan Africa (M49),Prevalence Rate of Physical violence Females,7.1.6,MICS,2183603,6.199431419,Survey sample covers women and men aged 15-49,female,2
LUX,Luxembourg,2020,Western Europe,Europe,Northern America (M49) and Europe (M49),Prevalence Rate of Physical violence Females,7.1.6,CTS,630597,4.44936522,,female,2
LVA,Latvia,2021,Northern Europe,Europe,Northern America (M49) and Europe (M49),Prevalence Rate of Physical violence Females,7.1.6,SDG,1885587,16,,female,2
MDG,Madagascar,2018,Eastern Africa,Africa,Sub-Saharan Africa (M49),Prevalence Rate of Physical violence Females,7.1.6,MICS,27494926,5.090984344,Survey sample covers women and men aged 15-49,female,2
MEX,Mexico,2024,Central America,Americas,Latin America and the Caribbean (MDG=M49),Prevalence Rate of Physical violence Females,7.1.6,CTS,130861007,5.5,"Fuente: Encuesta Nacional de Victimización y Percepción de Seguridad Pública (ENVIPE), 2022, 2023, 2024 y 2025.",female,2
MNE,Montenegro,2018,Southern Europe,Europe,Northern America (M49) and Europe (M49),Prevalence Rate of Physical violence Females,7.1.6,MICS,615795,1.180679679,Survey sample covers women and men aged 15-49,female,2
MNG,Mongolia,2018,Eastern Asia,Asia,Eastern Asia (M49) and South-eastern Asia (MDG=M49),Prevalence Rate of Physical violence Females,7.1.6,MICS,3167706,5.880955696,Survey sample covers women and men aged 15-49,female,2
MWI,Malawi,2019,Eastern Africa,Africa,Sub-Saharan Africa (M49),Prevalence Rate of Physical violence Females,7.1.6,MICS,19025752,5.92173624,Survey sample covers women and men aged 15-49,female,2
NZL,New Zealand,2024,Australia and New Zealand,Oceania,Australia and New Zealand (M49),Prevalence Rate of Physical violence Females,7.1.6,CTS,5213944,2.2,,female,2
PAK,Pakistan,2019,Southern Asia,Asia,Central Asia (M49) and Southern Asia (MDG=M49),Prevalence Rate of Physical violence Females,7.1.6,MICS,230800898.5,0.851177812,Survey sample covers women and men aged 15-49,female,2
PRT,Portugal,2022,Southern Europe,Europe,Northern America (M49) and Europe (M49),Prevalence Rate of Physical violence Females,7.1.6,SDG,10417072.5,3.2,,female,2
SUR,Suriname,2018,South America,Americas,Latin America and the Caribbean (MDG=M49),Prevalence Rate of Physical violence Females,7.1.6,MICS,599512.5,3.252818823,Survey sample covers women and men aged 15-49,female,2
SVN,Slovenia,2020,Southern Europe,Europe,Northern America (M49) and Europe (M49),Prevalence Rate of Physical violence Females,7.1.6,CTS,2102419.5,1.6,,female,2
SWZ,Eswatini,2021,Southern Africa,Africa,Sub-Saharan Africa (M49),Prevalence Rate of Physical violence Females,7.1.6,MICS,1206593.5,2.673711777,Survey sample covers women and men aged 15-49,female,2
TCA,Turks and Caicos Islands,2019,Caribbean,Americas,Latin America and the Caribbean (MDG=M49),Prevalence Rate of Physical violence Females,7.1.6,MICS,43165.5,3.212244272,Survey sample covers women and men aged 15-49,female,2
TCD,Chad,2019,Middle Africa,Africa,Sub-Saharan Africa (M49),Prevalence Rate of Physical violence Females,7.1.6,MICS,16685223,4.298505306,Survey sample covers women and men aged 15-49,female,2
THA,Thailand,2022,South-Eastern Asia,Asia,Eastern Asia (M49) and South-eastern Asia (MDG=M49),Prevalence Rate of Physical violence Females,7.1.6,MICS,71735329,0.161828354,Survey sample covers women and men aged 15-49,female,2
TON,Tonga,2019,Polynesia,Oceania,Oceania (M49) excluding Australia and New Zealand (M49),Prevalence Rate of Physical violence Females,7.1.6,MICS,105669.5,1.731385469,Survey sample covers women and men aged 15-49,female,2
TUN,Tunisia,2023,Northern Africa,Africa,Western Asia (M49) and Northern Africa (M49),Prevalence Rate of Physical violence Females,7.1.6,MICS,12200431,1.850251317,Survey sample covers women and men aged 15-49,female,2
TUV,Tuvalu,2019,Polynesia,Oceania,Oceania (M49) excluding Australia and New Zealand (M49),Prevalence Rate of Physical violence Females,7.1.6,MICS,10581,5.867453575,Survey sample covers women and men aged 15-49,female,2
UGA,Uganda,2022,Eastern Africa,Africa,Sub-Saharan Africa (M49),Prevalence Rate of Physical violence Females,7.1.6,SDG,47312719.5,24.8,,female,2
VNM,Viet Nam,2020,South-Eastern Asia,Asia,Eastern Asia (M49) and South-eastern Asia (MDG=M49),Prevalence Rate of Physical violence Females,7.1.6,MICS,98079191,1.632728934,Survey sample covers women and men aged 15-49,female,2
WSM,Samoa,2019,Polynesia,Oceania,Oceania (M49) excluding Australia and New Zealand (M49),Prevalence Rate of Physical violence Females,7.1.6,MICS,209779.5,1.064394355,Survey sample covers women and men aged 15-49,female,2
ZWE,Zimbabwe,2019,Eastern Africa,Africa,Sub-Saharan Africa (M49),Prevalence Rate of Physical violence Females,7.1.6,MICS,15271367.5,5.892824173,Survey sample covers women and men aged 15-49,female,2
ARG,Argentina,2016,South America,Americas,Latin America and the Caribbean (MDG=M49),Prevalence Rate of Sexual violence Males,7.1.9,CTS,43900313.5,0.4,,male,3
AUS,Australia,2024,Australia and New Zealand,Oceania,Australia and New Zealand (M49),Prevalence Rate of Sexual violence Males,7.1.9,CTS,26713205,0.3,,male,3
BEL,Belgium,2024,Western Europe,Europe,Northern America (M49) and Europe (M49),Prevalence Rate of Sexual violence Males,7.1.9,CTS,11738763.5,0.5,,male,3
BRA,Brazil,2019,South America,Americas,Latin America and the Caribbean (MDG=M49),Prevalence Rate of Sexual violence Males,7.1.9,SDG,207455459.5,0.4,,male,3
CHE,Switzerland,2021,Western Europe,Europe,Northern America (M49) and Europe (M49),Prevalence Rate of Sexual violence Males,7.1.9,CTS,8707023.5,0.1,,male,3
CMR,Cameroon,2018,Middle Africa,Africa,Sub-Saharan Africa (M49),Prevalence Rate of Sexual violence Males,7.1.9,SDG,24806383,2.7,,male,3
DEU,Germany,2020,Western Europe,Europe,Northern America (M49) and Europe (M49),Prevalence Rate of Sexual violence Males,7.1.9,CTS,83628708.5,0.3,,male,3
FIN,Finland,2023,Northern Europe,Europe,Northern America (M49) and Europe (M49),Prevalence Rate of Sexual violence Males,7.1.9,CTS,5601185.5,0.5,,male,3
FRA,France,2023,Western Europe,Europe,Northern America (M49) and Europe (M49),Prevalence Rate of Sexual violence Males,7.1.9,SDG,66438822,0.2,,male,3
GBR_E_W,United Kingdom (England and Wales),2018,Northern Europe,Europe,Northern America (M49) and Europe (M49),Prevalence Rate of Sexual violence Males,7.1.9,CTS,59115809,1.2,,male,3
GTM,Guatemala,2019,Central America,Americas,Latin America and the Caribbean (MDG=M49),Prevalence Rate of Sexual violence Males,7.1.9,CTS,17103802.5,0.3,,male,3
KOR,Republic of Korea,2016,Eastern Asia,Asia,Eastern Asia (M49) and South-eastern Asia (MDG=M49),Prevalence Rate of Sexual violence Males,7.1.9,CTS,51297839,0,,male,3
LUX,Luxembourg,2020,Western Europe,Europe,Northern America (M49) and Europe (M49),Prevalence Rate of Sexual violence Males,7.1.9,SDG,630597,0.871103852,,male,3
LVA,Latvia,2021,Northern Europe,Europe,Northern America (M49) and Europe (M49),Prevalence Rate of Sexual violence Males,7.1.9,SDG,1885587,0.5,,male,3
MEX,Mexico,2024,Central America,Americas,Latin America and the Caribbean (MDG=M49),Prevalence Rate of Sexual violence Males,7.1.9,CTS,130861007,0.4,"Fuente: Encuesta Nacional de Victimización y Percepción de Seguridad Pública (ENVIPE), 2022, 2023, 2024 y 2025.",male,3
NZL,New Zealand,2024,Australia and New Zealand,Oceania,Australia and New Zealand (M49),Prevalence Rate of Sexual violence Males,7.1.9,CTS,5213944,1,,male,3
SVN,Slovenia,2020,Southern Europe,Europe,Northern America (M49) and Europe (M49),Prevalence Rate of Sexual violence Males,7.1.9,CTS,2102419.5,0.21,,male,3
UGA,Uganda,2022,Eastern Africa,Africa,Sub-Saharan Africa (M49),Prevalence Rate of Sexual violence Males,7.1.9,SDG,47312719.5,4.3,,male,3
ARG,Argentina,2016,South America,Americas,Latin America and the Caribbean (MDG=M49),Prevalence Rate of Sexual violence Females,7.1.9,CTS,43900313.5,2.7,,female,4
AUS,Australia,2024,Australia and New Zealand,Oceania,Australia and New Zealand (M49),Prevalence Rate of Sexual violence Females,7.1.9,CTS,26713205,0.9,,female,4
BEL,Belgium,2024,Western Europe,Europe,Northern America (M49) and Europe (M49),Prevalence Rate of Sexual violence Females,7.1.9,CTS,11738763.5,1.5,,female,4
BRA,Brazil,2019,South America,Americas,Latin America and the Caribbean (MDG=M49),Prevalence Rate of Sexual violence Females,7.1.9,SDG,207455459.5,1,,female,4
CHE,Switzerland,2021,Western Europe,Europe,Northern America (M49) and Europe (M49),Prevalence Rate of Sexual violence Females,7.1.9,CTS,8707023.5,0.5,,female,4
CMR,Cameroon,2018,Middle Africa,Africa,Sub-Saharan Africa (M49),Prevalence Rate of Sexual violence Females,7.1.9,SDG,24806383,5.2,,female,4
DEU,Germany,2020,Western Europe,Europe,Northern America (M49) and Europe (M49),Prevalence Rate of Sexual violence Females,7.1.9,CTS,83628708.5,3.6,,female,4
FIN,Finland,2023,Northern Europe,Europe,Northern America (M49) and Europe (M49),Prevalence Rate of Sexual violence Females,7.1.9,CTS,5601185.5,3,,female,4
FRA,France,2023,Western Europe,Europe,Northern America (M49) and Europe (M49),Prevalence Rate of Sexual violence Females,7.1.9,SDG,66438822,1,,female,4
GBR_E_W,United Kingdom (England and Wales),2018,Northern Europe,Europe,Northern America (M49) and Europe (M49),Prevalence Rate of Sexual violence Females,7.1.9,CTS,59115809,4.5,,female,4
GTM,Guatemala,2019,Central America,Americas,Latin America and the Caribbean (MDG=M49),Prevalence Rate of Sexual violence Females,7.1.9,CTS,17103802.5,3.9,,female,4
KOR,Republic of Korea,2016,Eastern Asia,Asia,Eastern Asia (M49) and South-eastern Asia (MDG=M49),Prevalence Rate of Sexual violence Females,7.1.9,CTS,51297839,0.1,,female,4
LUX,Luxembourg,2020,Western Europe,Europe,Northern America (M49) and Europe (M49),Prevalence Rate of Sexual violence Females,7.1.9,SDG,630597,3.800828203,,female,4
LVA,Latvia,2021,Northern Europe,Europe,Northern America (M49) and Europe (M49),Prevalence Rate of Sexual violence Females,7.1.9,SDG,1885587,9,,female,4
MEX,Mexico,2024,Central America,Americas,Latin America and the Caribbean (MDG=M49),Prevalence Rate of Sexual violence Females,7.1.9,CTS,130861007,2.5,"Fuente: Encuesta Nacional de Victimización y Percepción de Seguridad Pública (ENVIPE), 2022, 2023, 2024 y 2025.",female,4
NZL,New Zealand,2024,Australia and New Zealand,Oceania,Australia and New Zealand (M49),Prevalence Rate of Sexual violence Females,7.1.9,CTS,5213944,3,,female,4
SVN,Slovenia,2020,Southern Europe,Europe,Northern America (M49) and Europe (M49),Prevalence Rate of Sexual violence Females,7.1.9,CTS,2102419.5,0.66,,female,4
UGA,Uganda,2022,Eastern Africa,Africa,Sub-Saharan Africa (M49),Prevalence Rate of Sexual violence Females,7.1.9,SDG,47312719.5,12.7,,female,4
BRA,Brazil,2019,South America,Americas,Latin America and the Caribbean (MDG=M49),Prevalence Rate of Psychological violence Males,7.1.12,SDG,207455459.5,16,,male,5
DEU,Germany,2020,Western Europe,Europe,Northern America (M49) and Europe (M49),Prevalence Rate of Psychological violence Males,7.1.12,SDG,83628708.5,7.6,,male,5
EST,Estonia,2024,Northern Europe,Europe,Northern America (M49) and Europe (M49),Prevalence Rate of Psychological violence Males,7.1.12,CTS,1360546,17.8,,male,5
FIN,Finland,2023,Northern Europe,Europe,Northern America (M49) and Europe (M49),Prevalence Rate of Psychological violence Males,7.1.12,CTS,5601185.5,8.4,,male,5
HRV,Croatia,2022,Southern Europe,Europe,Northern America (M49) and Europe (M49),Prevalence Rate of Psychological violence Males,7.1.12,CTS,3907027,21.9,,male,5
ITA,Italy,2023,Southern Europe,Europe,Northern America (M49) and Europe (M49),Prevalence Rate of Psychological violence Males,7.1.12,CTS,59499453,1,,male,5
LUX,Luxembourg,2020,Western Europe,Europe,Northern America (M49) and Europe (M49),Prevalence Rate of Psychological violence Males,7.1.12,CTS,630597,14.09745687,,male,5
MEX,Mexico,2024,Central America,Americas,Latin America and the Caribbean (MDG=M49),Prevalence Rate of Psychological violence Males,7.1.12,CTS,130861007,6.5,"Fuente: Encuesta Nacional de Victimización y Percepción de Seguridad Pública (ENVIPE), 2022, 2023, 2024 y 2025.",male,5
NZL,New Zealand,2024,Australia and New Zealand,Oceania,Australia and New Zealand (M49),Prevalence Rate of Psychological violence Males,7.1.12,CTS,5213944,20.6,,male,5
PRT,Portugal,2022,Southern Europe,Europe,Northern America (M49) and Europe (M49),Prevalence Rate of Psychological violence Males,7.1.12,SDG,10417072.5,1.8,,male,5
SVN,Slovenia,2020,Southern Europe,Europe,Northern America (M49) and Europe (M49),Prevalence Rate of Psychological violence Males,7.1.12,CTS,2102419.5,3.56,,male,5
UGA,Uganda,2022,Eastern Africa,Africa,Sub-Saharan Africa (M49),Prevalence Rate of Psychological violence Males,7.1.12,SDG,47312719.5,18.7,,male,5
BRA,Brazil,2019,South America,Americas,Latin America and the Caribbean (MDG=M49),Prevalence Rate of Psychological violence Females,7.1.12,SDG,207455459.5,18.6,,female,6
DEU,Germany,2020,Western Europe,Europe,Northern America (M49) and Europe (M49),Prevalence Rate of Psychological violence Females,7.1.12,SDG,83628708.5,6,,female,6
EST,Estonia,2024,Northern Europe,Europe,Northern America (M49) and Europe (M49),Prevalence Rate of Psychological violence Females,7.1.12,CTS,1360546,21,,female,6
FIN,Finland,2023,Northern Europe,Europe,Northern America (M49) and Europe (M49),Prevalence Rate of Psychological violence Females,7.1.12,CTS,5601185.5,9.1,,female,6
HRV,Croatia,2022,Southern Europe,Europe,Northern America (M49) and Europe (M49),Prevalence Rate of Psychological violence Females,7.1.12,CTS,3907027,26.9,,female,6
ITA,Italy,2023,Southern Europe,Europe,Northern America (M49) and Europe (M49),Prevalence Rate of Psychological violence Females,7.1.12,CTS,59499453,0.5,,female,6
LUX,Luxembourg,2020,Western Europe,Europe,Northern America (M49) and Europe (M49),Prevalence Rate of Psychological violence Females,7.1.12,CTS,630597,14.78346601,,female,6
MEX,Mexico,2024,Central America,Americas,Latin America and the Caribbean (MDG=M49),Prevalence Rate of Psychological violence Females,7.1.12,CTS,130861007,8.8,"Fuente: Encuesta Nacional de Victimización y Percepción de Seguridad Pública (ENVIPE), 2022, 2023, 2024 y 2025.",female,6
NZL,New Zealand,2024,Australia and New Zealand,Oceania,Australia and New Zealand (M49),Prevalence Rate of Psychological violence Females,7.1.12,SDG,5213944,22.2,,female,6
PRT,Portugal,2022,Southern Europe,Europe,Northern America (M49) and Europe (M49),Prevalence Rate of Psychological violence Females,7.1.12,SDG,10417072.5,2,,female,6
SVN,Slovenia,2020,Southern Europe,Europe,Northern America (M49) and Europe (M49),Prevalence Rate of Psychological violence Females,7.1.12,CTS,2102419.5,4.39,,female,6
UGA,Uganda,2022,Eastern Africa,Africa,Sub-Saharan Africa (M49),Prevalence Rate of Psychological violence Females,7.1.12,SDG,47312719.5,32.7,,female,6